ts,Lon,Lat,COx,Noise,NOx
2014-03-27 07:19:04,6.645892,46.509385,1.520,060,1.242
2014-03-27 07:19:05,6.645872,46.509380,1.519,068,1.245
2014-03-27 07:19:06,6.645862,46.509373,1.520,063,1.244
2014-03-27 07:19:07,6.645848,46.509360,1.520,063,1.244
2014-03-27 07:19:08,6.645833,46.509362,1.528,061,1.231
2014-03-27 07:19:09,6.645818,46.509353,1.526,062,1.235
2014-03-27 07:19:10,6.645805,46.509347,1.522,060,1.228
2014-03-27 07:19:11,6.645790,46.509345,1.519,062,1.227
2014-03-27 07:19:12,6.645770,46.509345,1.513,060,1.228
2014-03-27 07:19:13,6.645752,46.509345,1.519,063,1.229
2014-03-27 07:19:14,6.645737,46.509343,1.509,064,1.218
2014-03-27 07:19:15,6.645715,46.509343,1.502,064,1.216
2014-03-27 07:19:16,6.645700,46.509338,1.498,061,1.217
2014-03-27 07:19:17,6.645680,46.509338,1.502,064,1.213
2014-03-27 07:19:18,6.645665,46.509337,1.506,064,1.212
2014-03-27 07:19:19,6.645650,46.509335,1.494,064,1.213
2014-03-27 07:19:20,6.645638,46.509337,1.495,063,1.216
2014-03-27 07:19:21,6.645622,46.509335,1.506,062,1.212
2014-03-27 07:19:22,6.645598,46.509328,1.494,066,1.218
2014-03-27 07:19:23,6.645585,46.509328,1.496,067,1.210
2014-03-27 07:19:24,6.645565,46.509325,1.499,064,1.205
2014-03-27 07:19:25,6.645548,46.509322,1.490,066,1.208
2014-03-27 07:19:26,6.645533,46.509315,1.499,065,1.203
2014-03-27 07:19:27,6.645513,46.509313,1.491,066,1.201
2014-03-27 07:19:28,6.645495,46.509310,1.490,067,1.197
2014-03-27 07:19:29,6.645475,46.509303,1.493,071,1.197
2014-03-27 07:19:30,6.645462,46.509302,1.494,071,1.201
2014-03-27 07:19:31,6.645452,46.509293,1.494,084,1.197
2014-03-27 07:19:32,6.645435,46.509295,1.494,079,1.190
2014-03-27 07:19:33,6.645398,46.509288,1.494,074,1.195
2014-03-27 07:19:34,6.645378,46.509290,1.501,085,1.187
2014-03-27 07:19:35,6.645360,46.509290,1.500,079,1.186
2014-03-27 07:19:36,6.645338,46.509275,1.497,082,1.193
2014-03-27 07:19:37,6.645305,46.509272,1.506,081,1.191
2014-03-27 07:19:38,6.645292,46.509270,1.504,068,1.188
2014-03-27 07:19:39,6.645265,46.509273,1.506,064,1.187
2014-03-27 07:19:40,6.645243,46.509267,1.497,069,1.190
2014-03-27 07:19:41,6.645222,46.509262,1.498,079,1.181
2014-03-27 07:19:42,6.645208,46.509257,1.497,078,1.188
2014-03-27 07:19:43,6.645182,46.509248,1.494,073,1.184
2014-03-27 07:19:44,6.645158,46.509247,1.496,077,1.173
2014-03-27 07:19:45,6.645143,46.509248,1.494,076,1.175
2014-03-27 07:19:46,6.645123,46.509242,1.494,077,1.184
2014-03-27 07:19:47,6.645110,46.509238,1.499,076,1.175
2014-03-27 07:19:48,6.645082,46.509228,1.494,078,1.168
2014-03-27 07:19:49,6.645060,46.509223,1.494,078,1.168
2014-03-27 07:19:50,6.645008,46.509225,1.495,074,1.170
2014-03-27 07:19:51,6.644975,46.509225,1.496,074,1.175
2014-03-27 07:19:52,6.644960,46.509223,1.506,072,1.176
2014-03-27 07:19:53,6.644922,46.509220,1.506,077,1.168
2014-03-27 07:19:54,6.644898,46.509222,1.499,080,1.168
2014-03-27 07:19:55,6.644878,46.509218,1.494,088,1.171
2014-03-27 07:19:56,6.644858,46.509220,1.490,075,1.166
2014-03-27 07:19:57,6.644842,46.509220,1.497,086,1.171
2014-03-27 07:19:58,6.644823,46.509218,1.495,079,1.166
2014-03-27 07:19:59,6.644800,46.509213,1.487,085,1.168
2014-03-27 07:20:00,6.644783,46.509212,1.487,081,1.164
2014-03-27 07:20:01,6.644767,46.509215,1.484,082,1.166
2014-03-27 07:20:02,6.644748,46.509217,1.490,076,1.157
2014-03-27 07:20:03,6.644733,46.509213,1.490,073,1.155
2014-03-27 07:20:04,6.644722,46.509207,1.486,076,1.155
2014-03-27 07:20:05,6.644705,46.509205,1.486,079,1.149
2014-03-27 07:20:06,6.644690,46.509202,1.486,090,1.145
2014-03-27 07:20:07,6.644668,46.509200,1.479,091,1.151
2014-03-27 07:20:08,6.644640,46.509202,1.481,090,1.142
2014-03-27 07:20:09,6.644617,46.509200,1.484,071,1.139
2014-03-27 07:20:10,6.644588,46.509200,1.477,074,1.129
2014-03-27 07:20:11,6.644553,46.509195,1.473,071,1.133
2014-03-27 07:20:12,6.644540,46.509195,1.468,074,1.139
2014-03-27 07:20:13,6.644515,46.509192,1.480,072,1.128
2014-03-27 07:20:14,6.644473,46.509185,1.480,079,1.130
2014-03-27 07:20:15,6.644437,46.509187,1.473,073,1.123
2014-03-27 07:20:16,6.644402,46.509187,1.472,072,1.124
2014-03-27 07:20:17,6.644375,46.509192,1.473,069,1.122
2014-03-27 07:20:18,6.644333,46.509192,1.469,066,1.131
2014-03-27 07:20:19,6.644307,46.509188,1.470,067,1.121
2014-03-27 07:20:20,6.644283,46.509188,1.468,070,1.120
2014-03-27 07:20:21,6.644262,46.509188,1.467,069,1.119
2014-03-27 07:20:22,6.644242,46.509193,1.468,067,1.122
2014-03-27 07:20:23,6.644228,46.509193,1.474,068,1.121
2014-03-27 07:20:24,6.644208,46.509192,1.473,066,1.122
2014-03-27 07:20:25,6.644193,46.509192,1.482,074,1.112
2014-03-27 07:20:26,6.644177,46.509193,1.485,082,1.113
2014-03-27 07:20:27,6.644157,46.509193,1.477,082,1.119
2014-03-27 07:20:28,6.644133,46.509195,1.476,082,1.111
2014-03-27 07:20:29,6.644118,46.509197,1.485,068,1.109
2014-03-27 07:20:30,6.644098,46.509202,1.485,068,1.109
2014-03-27 07:20:31,6.644077,46.509200,1.477,068,1.106
2014-03-27 07:20:32,6.644065,46.509197,1.482,066,1.106
2014-03-27 07:20:33,6.644043,46.509195,1.478,067,1.099
2014-03-27 07:20:34,6.644025,46.509188,1.472,066,1.098
2014-03-27 07:20:35,6.644007,46.509183,1.470,069,1.106
2014-03-27 07:20:36,6.643988,46.509177,1.471,068,1.105
2014-03-27 07:20:37,6.643972,46.509173,1.473,070,1.106
2014-03-27 07:20:38,6.643955,46.509173,1.473,072,1.101
2014-03-27 07:20:39,6.643933,46.509173,1.465,070,1.096
2014-03-27 07:20:40,6.643915,46.509172,1.464,068,1.086
2014-03-27 07:20:41,6.643892,46.509177,1.461,065,1.089
2014-03-27 07:20:42,6.643875,46.509187,1.461,067,1.087
2014-03-27 07:20:43,6.643852,46.509198,1.461,060,1.087
2014-03-27 07:20:44,6.643830,46.509205,1.452,067,1.089
2014-03-27 07:20:45,6.643808,46.509212,1.452,060,1.086
2014-03-27 07:20:46,6.643780,46.509212,1.461,061,1.090
2014-03-27 07:20:47,6.643753,46.509213,1.458,062,1.091
2014-03-27 07:20:48,6.643723,46.509212,1.460,061,1.088
2014-03-27 07:20:49,6.643675,46.509203,1.461,061,1.089
2014-03-27 07:20:50,6.643650,46.509200,1.460,058,1.095
2014-03-27 07:20:51,6.643623,46.509200,1.458,063,1.093
2014-03-27 07:20:52,6.643600,46.509205,1.477,070,1.089
2014-03-27 07:20:53,6.643578,46.509210,1.480,056,1.086
2014-03-27 07:20:54,6.643557,46.509215,1.467,061,1.079
2014-03-27 07:20:55,6.643540,46.509220,1.461,063,1.073
2014-03-27 07:20:56,6.643518,46.509227,1.465,069,1.071
2014-03-27 07:20:57,6.643503,46.509230,1.462,069,1.065
2014-03-27 07:20:58,6.643483,46.509240,1.464,071,1.069
2014-03-27 07:20:59,6.643468,46.509253,1.462,078,1.070
2014-03-27 07:21:00,6.643448,46.509258,1.466,083,1.068
2014-03-27 07:21:01,6.643428,46.509265,1.470,081,1.064
2014-03-27 07:21:02,6.643400,46.509265,1.465,092,1.072
2014-03-27 07:21:03,6.643380,46.509268,1.460,092,1.065
2014-03-27 07:21:04,6.643342,46.509275,1.446,087,1.067
2014-03-27 07:21:05,6.643322,46.509280,1.453,083,1.069
2014-03-27 07:21:06,6.643307,46.509293,1.461,085,1.070
2014-03-27 07:21:07,6.643293,46.509300,1.460,081,1.069
2014-03-27 07:21:08,6.643272,46.509318,1.455,078,1.067
2014-03-27 07:21:09,6.643260,46.509325,1.464,072,1.070
2014-03-27 07:21:10,6.643240,46.509343,1.460,066,1.071
2014-03-27 07:21:11,6.643210,46.509365,1.467,062,1.069
2014-03-27 07:21:12,6.643190,46.509377,1.467,062,1.069
2014-03-27 07:21:13,6.643170,46.509385,1.454,062,1.073
2014-03-27 07:21:14,6.643153,46.509392,1.453,061,1.073
2014-03-27 07:21:15,6.643138,46.509402,1.444,057,1.065
2014-03-27 07:21:16,6.643118,46.509410,1.451,058,1.069
2014-03-27 07:21:17,6.643100,46.509417,1.449,056,1.070
2014-03-27 07:21:18,6.643080,46.509422,1.440,056,1.069
2014-03-27 07:21:19,6.643058,46.509427,1.460,056,1.074
2014-03-27 07:21:20,6.643037,46.509433,1.507,069,1.069
2014-03-27 07:21:21,6.643023,46.509442,1.509,068,1.071
2014-03-27 07:21:22,6.643003,46.509458,1.517,071,1.073
2014-03-27 07:21:23,6.642982,46.509475,1.508,069,1.073
2014-03-27 07:21:24,6.642962,46.509498,1.512,071,1.065
2014-03-27 07:21:25,6.642943,46.509507,1.491,070,1.059
2014-03-27 07:21:26,6.642918,46.509502,1.487,068,1.058
2014-03-27 07:21:27,6.642905,46.509507,1.502,069,1.061
2014-03-27 07:21:28,6.642892,46.509518,1.502,068,1.056
2014-03-27 07:21:29,6.642873,46.509515,1.502,067,1.056
2014-03-27 07:21:30,6.642842,46.509498,1.496,068,1.056
2014-03-27 07:21:31,6.642822,46.509500,1.474,070,1.056
2014-03-27 07:21:32,6.642798,46.509500,1.472,072,1.056
2014-03-27 07:21:33,6.642778,46.509512,1.452,068,1.052
2014-03-27 07:21:34,6.642757,46.509525,1.467,062,1.052
2014-03-27 07:21:35,6.642728,46.509532,1.470,061,1.050
2014-03-27 07:21:36,6.642702,46.509538,1.474,066,1.047
2014-03-27 07:21:37,6.642687,46.509542,1.477,070,1.051
2014-03-27 07:21:38,6.642673,46.509552,1.470,071,1.044
2014-03-27 07:21:39,6.642657,46.509553,1.452,079,1.043
2014-03-27 07:21:40,6.642635,46.509538,1.448,087,1.046
2014-03-27 07:21:41,6.642615,46.509527,1.450,079,1.052
2014-03-27 07:21:42,6.642597,46.509533,1.445,075,1.043
2014-03-27 07:21:43,6.642575,46.509533,1.447,068,1.044
2014-03-27 07:21:44,6.642557,46.509525,1.447,066,1.044
2014-03-27 07:21:45,6.642537,46.509518,1.444,067,1.040
2014-03-27 07:21:46,6.642520,46.509523,1.453,071,1.047
2014-03-27 07:21:47,6.642495,46.509528,1.444,073,1.044
2014-03-27 07:21:48,6.642482,46.509527,1.444,078,1.042
2014-03-27 07:21:49,6.642470,46.509532,1.451,079,1.030
2014-03-27 07:21:50,6.642452,46.509538,1.448,076,1.032
2014-03-27 07:21:51,6.642435,46.509545,1.446,072,1.033
2014-03-27 07:21:52,6.642422,46.509555,1.454,072,1.032
2014-03-27 07:21:53,6.642408,46.509562,1.458,077,1.034
2014-03-27 07:21:54,6.642392,46.509565,1.458,077,1.034
2014-03-27 07:21:55,6.642372,46.509577,1.459,080,1.028
2014-03-27 07:21:56,6.642355,46.509580,1.453,074,1.026
2014-03-27 07:21:57,6.642342,46.509587,1.438,081,1.034
2014-03-27 07:21:58,6.642330,46.509593,1.436,079,1.027
2014-03-27 07:21:59,6.642297,46.509618,1.433,074,1.032
2014-03-27 07:22:00,6.642277,46.509637,1.438,072,1.031
2014-03-27 07:22:01,6.642262,46.509645,1.432,070,1.036
2014-03-27 07:22:02,6.642255,46.509657,1.438,073,1.031
2014-03-27 07:22:03,6.642240,46.509665,1.431,069,1.032
2014-03-27 07:22:04,6.642228,46.509672,1.441,070,1.029
2014-03-27 07:22:05,6.642210,46.509685,1.445,066,1.027
2014-03-27 07:22:06,6.642195,46.509693,1.446,063,1.029
2014-03-27 07:22:07,6.642182,46.509703,1.448,063,1.026
2014-03-27 07:22:08,6.642162,46.509710,1.443,056,1.023
2014-03-27 07:22:09,6.642142,46.509715,1.442,061,1.020
2014-03-27 07:22:10,6.642135,46.509725,1.436,059,1.027
2014-03-27 07:22:11,6.642123,46.509728,1.448,059,1.021
2014-03-27 07:22:12,6.642102,46.509740,1.445,059,1.024
2014-03-27 07:22:13,6.642080,46.509747,1.440,068,1.023
2014-03-27 07:22:15,6.642033,46.509728,1.440,072,1.017
2014-03-27 07:22:16,6.642008,46.509717,1.449,064,1.016
2014-03-27 07:22:17,6.641992,46.509722,1.450,067,1.023
2014-03-27 07:22:18,6.641970,46.509722,1.456,065,1.021
2014-03-27 07:22:19,6.641942,46.509720,1.460,070,1.014
2014-03-27 07:22:20,6.641928,46.509722,1.453,073,1.021
2014-03-27 07:22:21,6.641922,46.509728,1.462,074,1.013
2014-03-27 07:22:22,6.641915,46.509733,1.460,081,1.016
2014-03-27 07:22:23,6.641895,46.509745,1.449,080,1.011
2014-03-27 07:22:24,6.641882,46.509752,1.453,090,1.016
2014-03-27 07:22:25,6.641872,46.509758,1.457,078,1.011
2014-03-27 07:22:26,6.641855,46.509765,1.458,077,1.015
2014-03-27 07:22:27,6.641838,46.509775,1.457,079,1.010
2014-03-27 07:22:28,6.641817,46.509787,1.453,083,1.007
2014-03-27 07:22:29,6.641770,46.509788,1.449,082,1.003
2014-03-27 07:22:30,6.641740,46.509795,1.438,075,1.009
2014-03-27 07:22:31,6.641717,46.509798,1.438,074,1.005
2014-03-27 07:22:32,6.641690,46.509798,1.446,078,0.994
2014-03-27 07:22:33,6.641677,46.509822,1.441,077,0.997
2014-03-27 07:22:34,6.641657,46.509827,1.442,077,0.997
2014-03-27 07:22:35,6.641637,46.509823,1.442,077,0.997
2014-03-27 07:22:36,6.641608,46.509820,1.429,073,0.995
2014-03-27 07:22:37,6.641580,46.509825,1.434,075,0.994
2014-03-27 07:22:38,6.641545,46.509828,1.433,072,0.994
2014-03-27 07:22:39,6.641513,46.509832,1.424,076,0.994
2014-03-27 07:22:40,6.641490,46.509837,1.424,077,0.987
2014-03-27 07:22:41,6.641443,46.509823,1.426,084,0.989
2014-03-27 07:22:42,6.641408,46.509827,1.420,092,0.988
2014-03-27 07:22:43,6.641388,46.509825,1.415,081,0.986
2014-03-27 07:22:44,6.641363,46.509820,1.420,076,0.979
2014-03-27 07:22:45,6.641332,46.509825,1.420,077,0.975
2014-03-27 07:22:46,6.641315,46.509830,1.421,082,0.986
2014-03-27 07:22:47,6.641285,46.509845,1.424,083,0.984
2014-03-27 07:22:48,6.641260,46.509858,1.425,091,0.984
2014-03-27 07:22:49,6.641248,46.509878,1.425,084,0.980
2014-03-27 07:22:50,6.641233,46.509890,1.425,084,0.987
2014-03-27 07:22:51,6.641215,46.509900,1.422,081,0.984
2014-03-27 07:22:52,6.641193,46.509907,1.428,084,0.984
2014-03-27 07:22:53,6.641180,46.509913,1.421,089,0.982
2014-03-27 07:22:54,6.641158,46.509917,1.424,092,0.981
2014-03-27 07:22:55,6.641142,46.509920,1.435,077,0.978
2014-03-27 07:22:56,6.641122,46.509928,1.432,078,0.979
2014-03-27 07:22:57,6.641100,46.509930,1.440,091,0.978
2014-03-27 07:22:58,6.641088,46.509932,1.441,079,0.979
2014-03-27 07:22:59,6.641067,46.509942,1.426,080,0.969
2014-03-27 07:23:00,6.641048,46.509947,1.433,083,0.972
2014-03-27 07:23:01,6.641035,46.509955,1.433,087,0.971
2014-03-27 07:23:02,6.641027,46.509963,1.428,083,0.971
2014-03-27 07:23:03,6.641015,46.509973,1.426,083,0.968
2014-03-27 07:23:04,6.641008,46.509990,1.415,088,0.966
2014-03-27 07:23:05,6.641000,46.510007,1.415,094,0.970
2014-03-27 07:23:06,6.640992,46.510013,1.422,094,0.964
2014-03-27 07:23:07,6.640980,46.510025,1.413,087,0.961
2014-03-27 07:23:08,6.640967,46.510025,1.415,089,0.964
2014-03-27 07:23:09,6.640937,46.510022,1.440,075,0.965
2014-03-27 07:23:10,6.640923,46.510007,1.481,089,0.967
2014-03-27 07:23:11,6.640915,46.509997,1.535,081,0.971
2014-03-27 07:23:12,6.640908,46.510005,1.502,072,0.966
2014-03-27 07:23:13,6.640898,46.510007,1.480,077,0.969
2014-03-27 07:23:14,6.640888,46.510008,1.596,080,0.963
2014-03-27 07:23:15,6.640875,46.510022,2.204,078,0.974
2014-03-27 07:23:16,6.640863,46.510030,1.902,076,0.970
2014-03-27 07:23:17,6.640855,46.510035,1.902,076,0.970
2014-03-27 07:23:18,6.640842,46.510043,1.705,075,0.974
2014-03-27 07:23:19,6.640825,46.510047,1.576,081,0.973
2014-03-27 07:23:20,6.640790,46.510047,1.507,091,0.961
2014-03-27 07:23:21,6.640763,46.510048,1.481,085,0.961
2014-03-27 07:23:22,6.640740,46.510058,1.454,074,0.957
2014-03-27 07:23:23,6.640712,46.510092,1.441,070,0.962
2014-03-27 07:23:24,6.640692,46.510102,1.444,069,0.958
2014-03-27 07:23:25,6.640657,46.510108,1.437,061,0.958
2014-03-27 07:23:26,6.640627,46.510118,1.440,068,0.953
2014-03-27 07:23:27,6.640610,46.510120,1.436,065,0.955
2014-03-27 07:23:28,6.640598,46.510110,1.423,065,0.946
2014-03-27 07:23:29,6.640575,46.510110,1.415,061,0.949
2014-03-27 07:23:30,6.640553,46.510118,1.408,061,0.948
2014-03-27 07:23:31,6.640527,46.510132,1.414,055,0.945
2014-03-27 07:23:32,6.640498,46.510138,1.409,064,0.949
2014-03-27 07:23:33,6.640480,46.510140,1.409,063,0.947
2014-03-27 07:23:34,6.640463,46.510147,1.400,081,0.945
2014-03-27 07:23:35,6.640375,46.510100,1.407,081,0.941
2014-03-27 07:23:36,6.640335,46.510087,1.400,076,0.945
2014-03-27 07:23:37,6.640303,46.510067,1.402,084,0.945
2014-03-27 07:23:38,6.640277,46.510058,1.398,066,0.940
2014-03-27 07:23:39,6.640250,46.510050,1.396,069,0.938
2014-03-27 07:23:40,6.640223,46.510042,1.391,069,0.937
2014-03-27 07:23:41,6.640200,46.510042,1.402,076,0.934
2014-03-27 07:23:42,6.640187,46.510043,1.399,079,0.933
2014-03-27 07:23:43,6.640165,46.510095,1.393,076,0.937
2014-03-27 07:23:44,6.640152,46.510110,1.391,082,0.939
2014-03-27 07:23:45,6.640147,46.510117,1.390,079,0.932
2014-03-27 07:23:46,6.640142,46.510132,1.391,085,0.932
2014-03-27 07:23:47,6.640138,46.510140,1.387,072,0.932
2014-03-27 07:23:48,6.640125,46.510145,1.394,072,0.923
2014-03-27 07:23:49,6.640105,46.510150,1.390,077,0.928
2014-03-27 07:23:50,6.640085,46.510152,1.380,087,0.923
2014-03-27 07:23:51,6.640067,46.510157,1.374,086,0.906
2014-03-27 07:23:52,6.640050,46.510160,1.377,092,0.920
2014-03-27 07:23:53,6.640032,46.510168,1.380,090,0.919
2014-03-27 07:23:54,6.640018,46.510177,1.380,075,0.920
2014-03-27 07:23:55,6.640010,46.510183,1.378,067,0.921
2014-03-27 07:23:56,6.639992,46.510187,1.381,069,0.920
2014-03-27 07:23:57,6.639980,46.510197,1.379,071,0.915
2014-03-27 07:23:58,6.639965,46.510202,1.387,079,0.915
2014-03-27 07:23:59,6.639943,46.510200,1.387,079,0.915
2014-03-27 07:24:00,6.639923,46.510198,1.378,086,0.916
2014-03-27 07:24:01,6.639897,46.510200,1.378,081,0.911
2014-03-27 07:24:02,6.639873,46.510203,1.381,081,0.913
2014-03-27 07:24:03,6.639850,46.510208,1.380,079,0.908
2014-03-27 07:24:04,6.639830,46.510215,1.380,072,0.910
2014-03-27 07:24:05,6.639813,46.510225,1.378,072,0.910
2014-03-27 07:24:06,6.639797,46.510233,1.374,077,0.904
2014-03-27 07:24:07,6.639780,46.510248,1.379,072,0.907
2014-03-27 07:24:08,6.639772,46.510262,1.374,073,0.904
2014-03-27 07:24:09,6.639760,46.510275,1.371,077,0.908
2014-03-27 07:24:10,6.639747,46.510287,1.370,075,0.903
2014-03-27 07:24:11,6.639732,46.510293,1.370,071,0.908
2014-03-27 07:24:12,6.639722,46.510295,1.367,071,0.910
2014-03-27 07:24:13,6.639705,46.510302,1.364,074,0.909
2014-03-27 07:24:14,6.639692,46.510308,1.373,084,0.913
2014-03-27 07:24:15,6.639685,46.510293,1.370,071,0.904
2014-03-27 07:24:16,6.639677,46.510290,1.360,065,0.908
2014-03-27 07:24:17,6.639657,46.510293,1.363,068,0.913
2014-03-27 07:24:18,6.639642,46.510300,1.365,071,0.912
2014-03-27 07:24:19,6.639620,46.510308,1.359,074,0.914
2014-03-27 07:24:20,6.639603,46.510320,1.364,069,0.908
2014-03-27 07:24:21,6.639588,46.510323,1.362,075,0.909
2014-03-27 07:24:22,6.639577,46.510332,1.370,073,0.904
2014-03-27 07:24:23,6.639560,46.510337,1.367,078,0.902
2014-03-27 07:24:24,6.639542,46.510343,1.366,079,0.906
2014-03-27 07:24:25,6.639532,46.510350,1.370,070,0.904
2014-03-27 07:24:26,6.639500,46.510352,1.368,066,0.904
2014-03-27 07:24:27,6.639482,46.510360,1.367,063,0.907
2014-03-27 07:24:28,6.639457,46.510373,1.371,062,0.908
2014-03-27 07:24:29,6.639428,46.510388,1.375,065,0.912
2014-03-27 07:24:30,6.639405,46.510402,1.364,065,0.911
2014-03-27 07:24:31,6.639380,46.510407,1.374,066,0.909
2014-03-27 07:24:32,6.639358,46.510417,1.369,067,0.908
2014-03-27 07:24:33,6.639340,46.510425,1.369,079,0.912
2014-03-27 07:24:34,6.639317,46.510425,1.366,075,0.908
2014-03-27 07:24:35,6.639293,46.510425,1.367,074,0.913
2014-03-27 07:24:36,6.639278,46.510427,1.368,086,0.906
2014-03-27 07:24:37,6.639267,46.510432,1.363,081,0.908
2014-03-27 07:24:38,6.639257,46.510433,1.371,076,0.913
2014-03-27 07:24:39,6.639247,46.510430,1.370,078,0.908
2014-03-27 07:24:40,6.639237,46.510437,1.370,078,0.908
2014-03-27 07:24:41,6.639225,46.510442,1.366,080,0.905
2014-03-27 07:24:42,6.639210,46.510460,1.366,070,0.912
2014-03-27 07:24:43,6.639195,46.510473,1.368,072,0.906
2014-03-27 07:24:44,6.639183,46.510485,1.370,075,0.907
2014-03-27 07:24:45,6.639172,46.510495,1.373,069,0.909
2014-03-27 07:24:46,6.639167,46.510503,1.376,067,0.910
2014-03-27 07:24:47,6.639160,46.510508,1.374,071,0.907
2014-03-27 07:24:48,6.639148,46.510523,1.370,072,0.908
2014-03-27 07:24:49,6.639135,46.510533,1.370,080,0.903
2014-03-27 07:24:50,6.639118,46.510542,1.371,081,0.907
2014-03-27 07:24:51,6.639087,46.510543,1.374,070,0.902
2014-03-27 07:24:52,6.639067,46.510548,1.370,069,0.899
2014-03-27 07:24:53,6.639023,46.510543,1.368,075,0.900
2014-03-27 07:24:54,6.638992,46.510548,1.372,070,0.901
2014-03-27 07:24:55,6.638975,46.510553,1.380,072,0.907
2014-03-27 07:24:56,6.638963,46.510560,1.371,066,0.901
2014-03-27 07:24:57,6.638952,46.510567,1.374,062,0.899
2014-03-27 07:24:58,6.638937,46.510582,1.376,061,0.904
2014-03-27 07:24:59,6.638923,46.510588,1.382,070,0.900
2014-03-27 07:25:00,6.638913,46.510592,1.368,084,0.899
2014-03-27 07:25:01,6.638897,46.510585,1.377,072,0.901
2014-03-27 07:25:02,6.638885,46.510593,1.377,069,0.900
2014-03-27 07:25:03,6.638875,46.510603,1.378,069,0.904
2014-03-27 07:25:04,6.638863,46.510610,1.377,069,0.899
2014-03-27 07:25:05,6.638857,46.510612,1.381,080,0.903
2014-03-27 07:25:06,6.638848,46.510615,1.382,070,0.895
2014-03-27 07:25:07,6.638847,46.510622,1.378,072,0.893
2014-03-27 07:25:08,6.638840,46.510625,1.371,076,0.895
2014-03-27 07:25:09,6.638835,46.510630,1.380,066,0.899
2014-03-27 07:25:10,6.638832,46.510645,1.379,064,0.893
2014-03-27 07:25:11,6.638797,46.510652,1.377,057,0.900
2014-03-27 07:25:12,6.638772,46.510657,1.370,061,0.898
2014-03-27 07:25:13,6.638748,46.510662,1.377,064,0.893
2014-03-27 07:25:14,6.638683,46.510673,1.372,073,0.896
2014-03-27 07:25:15,6.638668,46.510680,1.365,074,0.899
2014-03-27 07:25:16,6.638652,46.510680,1.377,073,0.896
2014-03-27 07:25:17,6.638633,46.510677,1.370,084,0.895
2014-03-27 07:25:18,6.638585,46.510680,1.374,068,0.895
2014-03-27 07:25:19,6.638548,46.510670,1.373,065,0.895
2014-03-27 07:25:20,6.638528,46.510665,1.373,063,0.895
2014-03-27 07:25:21,6.638483,46.510672,1.370,083,0.897
2014-03-27 07:25:22,6.638442,46.510682,1.370,083,0.897
2014-03-27 07:25:23,6.638425,46.510690,1.376,064,0.895
2014-03-27 07:25:24,6.638405,46.510702,1.369,075,0.895
2014-03-27 07:25:25,6.638390,46.510715,1.374,076,0.897
2014-03-27 07:25:26,6.638382,46.510732,1.379,071,0.892
2014-03-27 07:25:27,6.638370,46.510747,1.365,070,0.891
2014-03-27 07:25:28,6.638342,46.510765,1.372,076,0.890
2014-03-27 07:25:29,6.638315,46.510803,1.372,076,0.891
2014-03-27 07:25:30,6.638287,46.510825,1.374,069,0.883
2014-03-27 07:25:31,6.638260,46.510832,1.371,068,0.884
2014-03-27 07:25:32,6.638247,46.510837,1.374,068,0.887
2014-03-27 07:25:33,6.638222,46.510863,1.376,074,0.887
2014-03-27 07:25:34,6.638210,46.510868,1.377,076,0.887
2014-03-27 07:25:35,6.638200,46.510868,1.377,070,0.882
2014-03-27 07:25:36,6.638177,46.510868,1.374,061,0.881
2014-03-27 07:25:37,6.638148,46.510868,1.373,063,0.886
2014-03-27 07:25:38,6.638127,46.510860,1.374,054,0.884
2014-03-27 07:25:39,6.638102,46.510863,1.374,055,0.883
2014-03-27 07:25:40,6.638087,46.510868,1.368,066,0.884
2014-03-27 07:25:41,6.638067,46.510875,1.372,064,0.883
2014-03-27 07:25:42,6.638035,46.510873,1.374,064,0.881
2014-03-27 07:25:43,6.638013,46.510878,1.372,062,0.879
2014-03-27 07:25:44,6.638000,46.510883,1.371,063,0.884
2014-03-27 07:25:45,6.637978,46.510888,1.377,071,0.881
2014-03-27 07:25:46,6.637962,46.510897,1.381,074,0.877
2014-03-27 07:25:47,6.637940,46.510912,1.371,078,0.883
2014-03-27 07:25:48,6.637890,46.510910,1.378,081,0.884
2014-03-27 07:25:49,6.637855,46.510918,1.373,073,0.872
2014-03-27 07:25:50,6.637832,46.510932,1.373,072,0.879
2014-03-27 07:25:51,6.637793,46.510955,1.372,074,0.875
2014-03-27 07:25:52,6.637768,46.510975,1.371,074,0.872
2014-03-27 07:25:53,6.637738,46.510993,1.378,073,0.881
2014-03-27 07:25:54,6.637722,46.511002,1.374,065,0.875
2014-03-27 07:25:55,6.637698,46.511012,1.373,066,0.870
2014-03-27 07:25:56,6.637683,46.511012,1.374,067,0.874
2014-03-27 07:25:57,6.637677,46.511013,1.375,070,0.864
2014-03-27 07:25:58,6.637662,46.510983,1.376,073,0.871
2014-03-27 07:25:59,6.637622,46.510967,1.377,074,0.871
2014-03-27 07:26:00,6.637592,46.510977,1.372,076,0.869
2014-03-27 07:26:01,6.637568,46.510982,1.377,073,0.869
2014-03-27 07:26:02,6.637550,46.510992,1.383,068,0.871
2014-03-27 07:26:03,6.637535,46.511000,1.383,078,0.869
2014-03-27 07:26:04,6.637522,46.511015,1.383,078,0.869
2014-03-27 07:26:05,6.637513,46.511033,1.380,072,0.870
2014-03-27 07:26:06,6.637507,46.511043,1.374,073,0.874
2014-03-27 07:26:07,6.637495,46.511050,1.379,076,0.868
2014-03-27 07:26:08,6.637508,46.511062,1.377,072,0.868
2014-03-27 07:26:09,6.637547,46.511067,1.380,077,0.865
2014-03-27 07:26:10,6.637548,46.511073,1.387,073,0.866
2014-03-27 07:26:11,6.637547,46.511080,1.385,076,0.867
2014-03-27 07:26:12,6.637553,46.511090,1.378,073,0.871
2014-03-27 07:26:13,6.637552,46.511098,1.390,075,0.864
2014-03-27 07:26:14,6.637547,46.511103,1.386,081,0.868
2014-03-27 07:26:15,6.637533,46.511112,1.379,075,0.871
2014-03-27 07:26:16,6.637522,46.511117,1.379,079,0.862
2014-03-27 07:26:17,6.637525,46.511122,1.384,076,0.851
2014-03-27 07:26:18,6.637492,46.511137,1.394,080,0.833
2014-03-27 07:26:19,6.637483,46.511152,1.395,086,0.829
2014-03-27 07:26:20,6.637462,46.511167,1.397,086,0.826
2014-03-27 07:26:21,6.637445,46.511180,1.392,088,0.821
2014-03-27 07:26:22,6.637433,46.511188,1.398,091,0.822
2014-03-27 07:26:23,6.637422,46.511187,1.399,091,0.818
2014-03-27 07:26:24,6.637415,46.511177,1.404,083,0.821
2014-03-27 07:26:25,6.637397,46.511177,1.418,080,0.816
2014-03-27 07:26:26,6.637388,46.511182,1.563,079,0.823
2014-03-27 07:26:27,6.637357,46.511173,1.600,075,0.824
2014-03-27 07:26:28,6.637342,46.511173,1.527,077,0.832
2014-03-27 07:26:29,6.637332,46.511175,1.466,073,0.827
2014-03-27 07:26:30,6.637325,46.511168,1.436,073,0.829
2014-03-27 07:26:31,6.637312,46.511167,1.427,075,0.836
2014-03-27 07:26:32,6.637252,46.511222,1.407,073,0.812
2014-03-27 07:26:33,6.637223,46.511247,1.405,075,0.838
2014-03-27 07:26:34,6.637207,46.511252,1.412,074,0.830
2014-03-27 07:26:35,6.637187,46.511263,1.415,076,0.833
2014-03-27 07:26:36,6.637165,46.511278,1.410,076,0.839
2014-03-27 07:26:37,6.637155,46.511278,1.408,081,0.836
2014-03-27 07:26:38,6.637148,46.511282,1.411,080,0.841
2014-03-27 07:26:39,6.637140,46.511285,1.394,080,0.835
2014-03-27 07:26:40,6.637125,46.511285,1.391,091,0.831
2014-03-27 07:26:41,6.637102,46.511288,1.390,091,0.835
2014-03-27 07:26:42,6.637093,46.511290,1.385,087,0.838
2014-03-27 07:26:43,6.637088,46.511287,1.380,082,0.838
2014-03-27 07:26:44,6.637070,46.511300,1.387,076,0.837
2014-03-27 07:26:45,6.637068,46.511293,1.387,076,0.837
